{
  "project_info": {
    "project_number": "636334010289",
    "firebase_url": "https://covid19tracker-7de2a.firebaseio.com",
    "project_id": "covid19tracker-7de2a",
    "storage_bucket": "covid19tracker-7de2a.appspot.com"
  },
  "client": [
    {
      "client_info": {
        "mobilesdk_app_id": "1:636334010289:android:9209b0ef2f158b83999790",
        "android_client_info": {
          "package_name": "com.example.covid19tracker"
        }
      },
      "oauth_client": [
        {
          "client_id": "636334010289-kmr7eqs6dqkhdm5hvr905gcsc0ua89ps.apps.googleusercontent.com",
          "client_type": 1,
          "android_info": {
            "package_name": "com.example.covid19tracker",
            "certificate_hash": "a3d9d9248059df31209f3ebfb069f09a1597228b"
          }
        },
        {
          "client_id": "636334010289-rum2jo6680gn9n70s18rcqr2c41hghpj.apps.googleusercontent.com",
          "client_type": 3
        }
      ],
      "api_key": [
        {
          "current_key": "AIzaSyAQ7pMoEany6LAKRVHy66YOjT1s634BsTU"
        }
      ],
      "services": {
        "appinvite_service": {
          "other_platform_oauth_client": [
            {
              "client_id": "636334010289-rum2jo6680gn9n70s18rcqr2c41hghpj.apps.googleusercontent.com",
              "client_type": 3
            }
          ]
        }
      }
    }
  ],
  "configuration_version": "1"
}